95001,都是范德萨发生,男,1995/12/24,13602598462,zhangxie@iley.cn,上海市洪山区京都路23号,.\image\2019012517211095.jpg
95002,李磊,男,1995/12/25,13602598463,zhangxie@iley.cn,上海市洪山区京都路24号
95003,支行四,女,1995/12/26,13602598464,zhangxie@iley.cn,上海市洪山区京都路25号
95004,近代史,男,1995/12/27,13602598465,zhangxie@iley.cn,上海市洪山区京都路26号
95005,电风扇,女,1995/12/28,13602598466,zhangxie@iley.cn,上海市洪山区京都路27号
95006,惹我,男,1995/12/29,13602598467,zhangxie@iley.cn,上海市洪山区京都路28号
95007,发到,男,1995/12/30,13602598468,zhangxie@iley.cn,上海市洪山区京都路29号
95008,放大,女,1995/12/31,13602598469,zhangxie@iley.cn,上海市洪山区京都路30号
95009,规定,男,1996/1/1,13602598470,zhangxie@iley.cn,上海市洪山区京都路31号
95010,国服,女,1996/1/2,13602598471,zhangxie@iley.cn,上海市洪山区京都路32号
95011,水电费,男,1996/1/3,13602598472,zhangxie@iley.cn,上海市洪山区京都路33号
95012,范德萨,男,1996/1/4,13602598473,zhangxie@iley.cn,上海市洪山区京都路34号
95013,请问,女,1996/1/5,13602598474,zhangxie@iley.cn,上海市洪山区京都路35号
95014,个人,女,1996/1/6,13602598475,zhangxie@iley.cn,上海市洪山区京都路36号
95015,东陵,女,1996/1/7,13602598476,zhangxie@iley.cn,上海市洪山区京都路37号
95016,看戏,男,1996/1/8,13602598477,zhangxie@iley.cn,上海市洪山区京都路38号
95017,莫看,男,1996/1/9,13602598478,zhangxie@iley.cn,上海市洪山区京都路39号
95018,模块,女,1996/1/10,13602598479,zhangxie@iley.cn,上海市洪山区京都路40号
95019,没空,男,1996/1/11,13602598480,zhangxie@iley.cn,上海市洪山区京都路41号
95020,护甲,男,1996/1/12,13602598481,zhangxie@iley.cn,上海市洪山区京都路42号
796755,第三方,男,2019/1/7,fdsdf,dff,第三方师傅的说法,
